model,encoding,seed,dedup,data_volume_games,data_volume_rows,data_volume_unique,move_top1,move_top1_ci_lo,move_top1_ci_hi,move_top3,move_macro_f1,value_mse,value_mae,value_acc,value_baseline_acc,train_seconds,infer_seconds_total,infer_ms_per_sample
baseline_majority_class,0,-1,n/a,-1,-1,-1,0.0911574710280576,nan,nan,nan,0.0033416797647793815,nan,nan,nan,0.85551900624344,0.0,0.0,0.0
baseline_uniform_random_legal,0,-1,n/a,-1,-1,-1,0.035395846176359165,nan,nan,nan,nan,nan,nan,nan,0.85551900624344,0.0,0.0,0.0
baseline_side_to_move,0,-1,n/a,-1,-1,-1,nan,nan,nan,nan,nan,nan,nan,0.85551900624344,0.85551900624344,0.0,0.0,0.0
logreg,2,42,none,1000,30641,5602,0.7218423017410217,0.7161319198242465,0.7276664919899998,0.8684873995044202,0.7187266123525065,126.72661590576172,6.777466773986816,0.6880335868941861,0.85551900624344,15.53942194900003,0.38471286800000826,0.002081396647802938
rf,2,42,none,1000,30641,5602,0.8586515467933389,0.8545649991942518,0.8626395763146417,0.9451670147267278,0.8661978596384557,90.24108123779297,3.9765231609344482,0.9235692567384789,0.85551900624344,5.1066056440000125,5.549614070000018,0.03002485511323684
knn,2,42,none,1000,30641,5602,0.765178484477964,0.7594413470215393,0.7707372807857836,0.9033889868747091,0.7554801535507245,97.99259948730469,4.156449317932129,0.9141554043087311,0.85551900624344,0.00517858000000615,51.897808302000044,0.2807806372312456
svm,2,42,none,1000,30641,5602,0.712320244110932,0.7064719469544863,0.7185612642466223,0.8561682374454916,0.708007919945171,134.83689880371094,6.100388050079346,0.7524860144778558,0.85551900624344,6.9630281929999,0.46079154599999583,0.002493002077539824
cnn,2,42,none,1000,30641,5602,0.828640834478505,0.8246244791368534,0.8325481094640385,0.9481480679961479,0.8291299308794842,97.97576141357422,5.557306289672852,0.7035285715831503,0.85551900624344,8.078349252000066,2.2644790950000697,0.012251420707229567
logreg,4,42,none,1000,30641,5602,0.7689818972699828,0.763566177635447,0.7745318466442584,0.9003592412651352,0.765410373395178,125.40557098388672,6.737417221069336,0.6970633108627201,0.85551900624344,56.756743888000074,0.48982987099998354,0.002650106966250709
rf,4,42,none,1000,30641,5602,0.8589978034344331,0.854898782258809,0.8629561638943302,0.9462761180302325,0.8678220436523586,87.56505584716797,3.9396729469299316,0.9255277708646678,0.85551900624344,7.535462049999978,6.3600828610000235,0.03440970200828865
knn,4,42,none,1000,30641,5602,0.759508531980047,0.7539288243799189,0.7649938337203332,0.9061915015635651,0.7469062820847715,95.9369888305664,4.131978988647461,0.9147884047307313,0.85551900624344,0.007879469000044992,78.564232317,0.4250529248785397
svm,4,42,none,1000,30641,5602,0.779710442883885,0.7743580976148632,0.7851082059929363,0.9010788058474091,0.776239069101561,135.65892028808594,5.933737277984619,0.7681324864472987,0.85551900624344,68.69615735900004,0.5924171710000792,0.0032051309337031023
cnn,4,42,none,1000,30641,5602,0.816857288161269,0.8128509595809931,0.8206817351081764,0.943387039181103,0.8185889002195604,96.19930267333984,5.447483062744141,0.7271064847376565,0.85551900624344,7.108462208999981,2.2683182890000353,0.012272191745025456
logreg,7,42,none,1000,30641,5602,0.8068861789497603,0.801881920404644,0.8115499354330359,0.9214051527316403,0.8082613361139758,123.05135345458984,6.568892955780029,0.71854745339061,0.85551900624344,69.49501008899995,0.6327963030000774,0.003423592537087751
rf,7,42,none,1000,30641,5602,0.8591709317549802,0.8550412748657742,0.8630821751264532,0.9462977590703009,0.8683261909226063,89.60905456542969,3.9752094745635986,0.9249326422627872,0.85551900624344,10.691879497999935,7.617709908999927,0.04121379134250153
knn,7,42,none,1000,30641,5602,0.7587348647976022,0.7527406058070719,0.764227351505865,0.9007704210264346,0.7470535724949597,100.10621643066406,4.227870464324951,0.914095891448543,0.85551900624344,0.010107840000046053,117.20392623600003,0.6341037159613493
svm,7,42,none,1000,30641,5602,0.8148663124749775,0.8101274631810171,0.819443032077174,0.9286440806345153,0.8162277382209306,131.99755859375,5.6683807373046875,0.8097536167588214,0.85551900624344,245.31625899799997,0.7830236089998834,0.004236361324214611
cnn,7,42,none,1000,30641,5602,0.8138762348918489,0.8098725250283477,0.8177140181253965,0.9404709090318881,0.8163701479455224,101.05598449707031,5.555263996124268,0.7517339883354794,0.85551900624344,7.175848723000172,2.320747850000089,0.012555849302617965
logreg,2,42,none,5000,152998,13048,0.7421848794053042,0.7367085527603356,0.7481348792343292,0.8874882326844629,0.7402347900509395,121.30572509765625,6.552998065948486,0.6993951329300886,0.85551900624344,32.09435099999996,0.3911432729998978,0.0021161868108675774
rf,2,42,none,5000,152998,13048,0.8774900721728687,0.8744970068560224,0.8806672722653208,0.9616466667388035,0.8852922505036023,73.18663024902344,3.4819841384887695,0.9353149312355952,0.85551900624344,12.556462166999836,5.6111475249999785,0.03035776710453693
knn,2,42,none,5000,152998,13048,0.8150448510555417,0.8103986558402055,0.8199430598793322,0.936094008678057,0.8151824007038561,79.96049499511719,3.714836597442627,0.9355151108562277,0.85551900624344,0.0097243069999422,136.00209427599998,0.7358066929028209
svm,2,42,none,5000,152998,13048,0.7201272493156021,0.714657410466362,0.7259923738834535,0.8656524232554617,0.7184792665661935,132.58055114746094,6.055771827697754,0.755867426988541,0.85551900624344,28.274801442999888,0.47323662999997396,0.002560333217914312
cnn,2,42,none,5000,152998,13048,0.8791726630381856,0.8767419721938081,0.8818455918185549,0.9751182141813736,0.8878978877945761,77.88976287841797,4.3060126304626465,0.8083415388943592,0.85551900624344,34.525364072,2.212679706000017,0.011971172544012558
logreg,4,42,none,5000,152998,13048,0.7907690143588301,0.7858360800229673,0.7956499297154788,0.9193492539251437,0.7904376096970109,120.29755401611328,6.541568279266357,0.704578162026467,0.85551900624344,98.89276663499982,0.47872699899994586,0.002590037541793966
rf,4,42,none,5000,152998,13048,0.8785991754763733,0.8756479949360557,0.8818352184509345,0.9626529751019834,0.8873340514447559,72.98741912841797,3.4912123680114746,0.9358667777573391,0.85551900624344,20.05294552700002,6.596144703000164,0.03568685795362413
knn,4,42,none,5000,152998,13048,0.8107382840819329,0.8059685676270506,0.8156643777008813,0.9364078037590486,0.8098401958068275,79.23606872558594,3.6928622722625732,0.9358884187974074,0.85551900624344,0.01634822999994867,202.48361596899986,1.0954890115941864
svm,4,42,none,5000,152998,13048,0.7876040122488287,0.7825080879542948,0.7925094000958156,0.913030070225175,0.7839902590785195,135.5336456298828,5.875900745391846,0.7653083307183743,0.85551900624344,282.6298783049999,0.5950329249999413,0.0032192828429831164
cnn,4,42,none,5000,152998,13048,0.8738706082214311,0.8712980975302421,0.8766287263488256,0.974750316500211,0.8826841415506536,77.73695373535156,4.322511196136475,0.8308103487453607,0.85551900624344,35.23748583700035,2.2715579760001674,0.012289719294070179
logreg,7,42,none,5000,152998,13048,0.8321412727095664,0.8276991925245479,0.8363838356733893,0.9411147299739225,0.8352531510733985,117.60843658447266,6.361128807067871,0.7188991202917212,0.85551900624344,116.99888282899974,0.6188996460000453,0.0033484080093491744
rf,7,42,none,5000,152998,13048,0.8794107144789378,0.8765161997347959,0.8825903677887216,0.9629072573227869,0.8885820505361164,73.2545394897461,3.496295690536499,0.9355259313762619,0.85551900624344,30.710008949999974,7.805594990999907,0.0422302984894549
knn,7,42,none,5000,152998,13048,0.8097373859787701,0.8049463365352956,0.8147542944426028,0.9351255721349968,0.8087059605358523,80.18450927734375,3.7173030376434326,0.9349362130343984,0.85551900624344,0.024619173999781196,304.3238536069998,1.6464711774186556
svm,7,42,none,5000,152998,13048,0.8276128850752568,0.8233461792117702,0.8317616066732304,0.9411471915340252,0.8311512994407129,132.05487060546875,5.629966735839844,0.8138654143718147,0.85551900624344,1047.209713739,0.7789820709999731,0.004214495552766121
cnn,7,42,none,5000,152998,13048,0.879188893818237,0.8766872706408227,0.8819460267327118,0.9764166765854767,0.8881491658051186,78.48785400390625,4.431941509246826,0.8600473938777498,0.85551900624344,35.884648700999605,2.306623271999797,0.012479431663004626
logreg,2,42,none,20000,610944,25868,0.7435969572697664,0.7382168718099157,0.7491857227215973,0.8894142852505491,0.742460413706357,120.70730590820312,6.473398208618164,0.7042102643453044,0.85551900624344,29.54227062200016,0.3898128519999773,0.002108988887325802
rf,2,42,none,20000,610944,25868,0.8743196598028501,0.8711179307138082,0.877735581863433,0.9598179988530249,0.8811965030186958,71.86311340332031,3.4396018981933594,0.9341950074120562,0.85551900624344,12.87954707300014,5.631359902999975,0.030467121325080747
knn,2,42,none,20000,610944,25868,0.8169871344016794,0.8121344479087015,0.8218244058551917,0.9274375926507028,0.8158911209764015,80.18195343017578,3.6703622341156006,0.9222816148544098,0.85551900624344,0.009795995999866136,134.33198014500022,0.726770941195885
svm,2,42,none,20000,610944,25868,0.7246448164298777,0.7191990268860103,0.7305910675387073,0.8687200406851553,0.7238839837497011,135.74766540527344,6.0543036460876465,0.7512091931138211,0.85551900624344,31.205277310000383,0.47201522000023033,0.0025537250722282175
cnn,2,42,none,20000,610944,25868,0.8933962366231321,0.8912880211056069,0.8953982317829012,0.9834824761678046,0.9044461257858666,71.58500671386719,3.765415906906128,0.8968425722540225,0.85551900624344,136.7900041859998,2.2184326560000045,0.012002297499377845
logreg,4,42,none,20000,610944,25868,0.7929980414858738,0.7882021274100512,0.7976698330908414,0.9197225618663233,0.7928936248654262,119.70307159423828,6.448714733123779,0.7067584968133569,0.85551900624344,105.65366927600007,0.4912824589991942,0.0026579658450241526
rf,4,42,none,20000,610944,25868,0.8755586093467652,0.8724145207598891,0.8788909725414287,0.9605700249954012,0.8832532672447891,72.14616394042969,3.4586565494537354,0.9338379302509279,0.85551900624344,19.977722545000688,6.655889480000042,0.036010092731856916
knn,4,42,none,20000,610944,25868,0.8133135678500709,0.8084138673118316,0.8181110408811926,0.9286549011545495,0.8117315766558012,79.58541107177734,3.6547441482543945,0.9225250765551792,0.85551900624344,0.015173965000030876,201.49844923900037,1.0901590034246966
svm,4,42,none,20000,610944,25868,0.788518346191718,0.783848936240275,0.7935251167397086,0.9148316868108681,0.7861880370384532,137.10134887695312,5.8778605461120605,0.7559377603687634,0.85551900624344,307.1882744839995,0.6176678680003533,0.003341743770087502
cnn,4,42,none,20000,610944,25868,0.8927956977612344,0.8907590951703366,0.8948132968227037,0.9835095274678901,0.9039703501131542,71.62937927246094,3.778792142868042,0.9005377798456994,0.85551900624344,138.46351468000012,2.236153151000508,0.012098169984962225
logreg,7,42,none,20000,610944,25868,0.8323630933702674,0.8282298897901698,0.8367009334510723,0.9419424997565383,0.8357173658789315,116.91063690185547,6.278970718383789,0.726235432874904,0.85551900624344,120.88059397799952,0.6446947149997868,0.003487966039796719
rf,7,42,none,20000,610944,25868,0.8763701483493297,0.8731947445903261,0.879672630331925,0.960499691615179,0.884478263612248,72.16809844970703,3.459009885787964,0.9335944685501585,0.85551900624344,30.441661017000115,7.924906464000742,0.04287580458141219
knn,7,42,none,20000,610944,25868,0.8129132086088058,0.8080648273231902,0.8177997596981866,0.9268045922287025,0.8113363188379163,80.36900329589844,3.6709635257720947,0.9217405888527003,0.85551900624344,0.023528990999693633,304.49400693999996,1.6473917511929623
svm,7,42,none,20000,610944,25868,0.8290628347598386,0.8248577792711905,0.8332547246738453,0.9425159873183505,0.8327143786910938,131.94821166992188,5.622897148132324,0.8168735189413203,0.85551900624344,1013.6090062130006,0.7971737000007124,0.004312916995794672
cnn,7,42,none,20000,610944,25868,0.8950247248882781,0.8931285350664091,0.8969489697287188,0.9838936559291039,0.9063002307897474,71.5319595336914,3.759324312210083,0.8906694655745155,0.85551900624344,141.03239149599995,2.3055804619998526,0.012473789789756499
logreg,2,42,none,107969,3310156,56798,0.743910752350758,0.738389224034278,0.7493752177885711,0.8872664120237619,0.7423968493620948,120.59159088134766,6.511822700500488,0.6981778244262419,0.85551900624344,28.355661981000594,0.4116265860002386,0.0022270068602109924
rf,2,42,none,107969,3310156,56798,0.8743304803228843,0.8710264726434844,0.8775921831215812,0.9597747167728881,0.8808317975360207,72.0167236328125,3.4718430042266846,0.930867697501542,0.85551900624344,14.613649822000298,5.594583353999951,0.03026815063245913
knn,2,42,none,107969,3310156,56798,0.8129781317290109,0.8081071571524504,0.8178109032987043,0.9388316002467079,0.8123697052095791,80.51289367675781,3.6682755947113037,0.9254033348842745,0.85551900624344,0.009547958000439394,133.9398944349996,0.7246496555557937
svm,2,42,none,107969,3310156,56798,0.71754114502743,0.7122603484274902,0.7236118307676354,0.868703809905104,0.7156490731415923,132.57752990722656,6.047139644622803,0.756197452849584,0.85551900624344,31.159068036000463,0.47806168900024204,0.0025864380417035936
cnn,2,42,none,107969,3310156,56798,0.9041356027570685,0.9024307928243501,0.9056096970245079,0.9870748888191566,0.9157675632562807,69.99333953857422,3.563124656677246,0.9203555622883236,0.85551900624344,746.1566900769994,2.1912520400001085,0.011855243299393557
logreg,4,42,none,107969,3310156,56798,0.7924407847041128,0.787592462501539,0.797405698910924,0.9194195873053659,0.7921533792537434,119.60067749023438,6.475321292877197,0.710918986766504,0.85551900624344,103.40637895100008,0.49694574600016495,0.0026886057002508466
rf,4,42,none,107969,3310156,56798,0.8760130711882013,0.8728074835540343,0.8792051305209292,0.9609757944966835,0.8836196247900051,72.20515441894531,3.4936273097991943,0.9307378512611316,0.85551900624344,19.949569569999767,6.524060466999799,0.035296863493728424
knn,4,42,none,107969,3310156,56798,0.8101377452200352,0.8052940656979741,0.8150340863948554,0.9396160879491868,0.8089412128762414,79.94670867919922,3.6524131298065186,0.9256846684051635,0.85551900624344,0.014518206000502687,199.88765384599992,1.081444181514223
svm,4,42,none,107969,3310156,56798,0.7880855253903503,0.7831117837358811,0.7930688075964084,0.9151508921518768,0.7849186812817536,135.34120178222656,5.8716559410095215,0.7626681238300312,0.85551900624344,287.7056083280004,0.6112615590009227,0.0033070839726507175
cnn,4,42,none,107969,3310156,56798,0.9038001666360085,0.902106369014894,0.9052681270055496,0.9872263760996354,0.9153563172773796,69.87317657470703,3.525041341781616,0.9188893818236904,0.85551900624344,753.776577785,2.3965019200004463,0.012965698518673222
logreg,7,42,none,107969,3310156,56798,0.8342242228161485,0.8297172811245612,0.8384412628197341,0.9412175249142474,0.83762122814907,116.81591033935547,6.342311382293701,0.730276897107675,0.85551900624344,102.49639891300103,0.6002768099988316,0.003247653624326864
rf,7,42,none,107969,3310156,56798,0.8763593278292955,0.8732568937011853,0.879511024056322,0.9610948202170596,0.8843029510000834,72.36602783203125,3.4924142360687256,0.9306945691809948,0.85551900624344,30.620072050998715,7.878694271001223,0.04262578460132455
knn,7,42,none,107969,3310156,56798,0.8101161041799669,0.8050827336772336,0.8150788445552363,0.9374573942023654,0.8083971215299006,80.36238861083984,3.6761202812194824,0.9253654630641549,0.85551900624344,0.02364486100123031,305.3140661530015,1.651828484764716
svm,7,42,none,107969,3310156,56798,0.8274343464946925,0.8229567631459366,0.8317174403622577,0.9408171656729822,0.8311120636155193,131.50189208984375,5.617828845977783,0.8085146672149064,0.85551900624344,989.8177760639992,0.7487287189997005,0.004050817052055901
cnn,7,42,none,107969,3310156,56798,0.904270859257496,0.9026924872177986,0.9057390618851031,0.9874211454602508,0.916012243726888,70.08976745605469,3.5978682041168213,0.9181644069813996,0.85551900624344,768.5017556999992,2.349300148000111,0.012710324658883708
logreg,2,43,none,1000,30302,5294,0.7331767964768386,0.7274274064148245,0.7388187812001591,0.8759102762478764,0.7305150590381096,122.29840087890625,6.610622406005859,0.6976638497246178,0.85551900624344,16.200803222000104,0.4588953759994183,0.002482743304800082
rf,2,43,none,1000,30302,5294,0.8577047512903471,0.8532168080687751,0.8621592564690764,0.9440254498631204,0.8641080931235448,79.81314086914062,3.825399398803711,0.9191544845645282,0.85551900624344,4.773471559999962,5.390941486000884,0.02916639517621695
knn,2,43,none,1000,30302,5294,0.7800242379648766,0.7747556538302486,0.7854748409054887,0.9100490169557549,0.7699914129064909,85.00360870361328,4.067503929138184,0.916341149355638,0.85551900624344,0.004572536001433036,51.23130104700067,0.27717465967841776
svm,2,43,none,1000,30302,5294,0.7153986820606598,0.7096910716983738,0.7212961420545794,0.8671997576203513,0.7123969678761513,143.52207946777344,6.134254455566406,0.7580802233355335,0.85551900624344,7.009852426999714,0.4690058169999247,0.002537443419500334
cnn,2,43,none,1000,30302,5294,0.821347803975459,0.817030662890712,0.8254431384945108,0.9429596286397525,0.8204120688874329,89.15355682373047,4.931381702423096,0.7803001612257485,0.85551900624344,6.928504965000684,2.2373601440012862,0.012104700130935252
logreg,4,43,none,1000,30302,5294,0.7749548243288572,0.7698731521240764,0.7799527181648884,0.9043790644578379,0.7722330116860188,121.27347564697266,6.564507961273193,0.7024140580196284,0.85551900624344,55.80774311700043,0.45823477399972035,0.002479169276213902
rf,4,43,none,1000,30302,5294,0.8591871625350315,0.8547650560454032,0.8634037112492029,0.945518681627839,0.8669058827770975,78.80146789550781,3.8113853931427,0.9189921767640152,0.85551900624344,7.276972468000167,6.325809083000422,0.03422427195754256
knn,4,43,none,1000,30302,5294,0.7713191295973685,0.7657619613681155,0.7769310254982323,0.9127703777443544,0.7594172387736573,84.07041931152344,4.0118408203125,0.9165792007963903,0.85551900624344,0.006574266000825446,77.12971877699965,0.41729183362909233
svm,4,43,none,1000,30302,5294,0.7845255742991009,0.7795737776810973,0.789322652383439,0.9088262981918911,0.7808913751657944,142.03964233398438,5.9451189041137695,0.7740026185658483,0.85551900624344,65.09277386499889,0.6020799220004847,0.003257408929095754
cnn,4,43,none,1000,30302,5294,0.7966283259573456,0.7923675820482232,0.8009681071578125,0.9344384691128256,0.7935991622437784,90.69239044189453,5.087125778198242,0.733247129857061,0.85551900624344,7.188190877999659,2.097899727999902,0.011350183018275329
logreg,7,43,none,1000,30302,5294,0.8149691074153024,0.8102532948085387,0.8197165791645976,0.929022798835712,0.8165534632333796,118.52574920654297,6.394171237945557,0.7210902755986452,0.85551900624344,62.915216331999545,0.6073161090007488,0.003285738062265324
rf,7,43,none,1000,30302,5294,0.8596794961965872,0.8553169569420619,0.8638274267469437,0.9457134509884545,0.8677248608635004,79.41020965576172,3.8147900104522705,0.9193438436651266,0.85551900624344,10.52860996399977,7.606366866999451,0.04115242253589411
knn,7,43,none,1000,30302,5294,0.7677754092861703,0.7622646015573666,0.7736786035141467,0.9076035794280273,0.7554558325162877,85.86618041992188,4.079133033752441,0.9160003029745609,0.85551900624344,0.01088775300013367,115.98082477599928,0.627486419035455
svm,7,43,none,1000,30302,5294,0.8240529339840073,0.8193134612829399,0.8287229109980643,0.9334105197095772,0.8268799077170541,136.13494873046875,5.6782073974609375,0.809337026737505,0.85551900624344,270.2660972909998,0.77340203499989,0.004184306107100912
cnn,7,43,none,1000,30302,5294,0.8167761342610126,0.8126559589333939,0.8208516564786492,0.9381823690446562,0.8171732796752942,93.4190444946289,5.148407459259033,0.7776815953774738,0.85551900624344,7.327424769000572,2.320834079000633,0.012556315823931925
logreg,2,43,none,5000,153993,12610,0.7460964973976649,0.7408005790776176,0.7512932395761381,0.8893114903102243,0.7452174446726764,121.04319763183594,6.5941925048828125,0.6908523323630934,0.85551900624344,33.40786858499996,0.4224330720007856,0.0022854727593450645
rf,2,43,none,5000,153993,12610,0.8764026099094322,0.8730800753719814,0.879619064557669,0.9611110509971109,0.8842417168349617,73.87079620361328,3.5122227668762207,0.934346494692535,0.85551900624344,12.589782332999675,5.45170197400148,0.029495125215065844
knn,2,43,none,5000,153993,12610,0.8155966975772856,0.8109533583991615,0.8202137598658463,0.9308244154214051,0.8162808639932166,80.78167724609375,3.712573528289795,0.9350390079747233,0.85551900624344,0.00937811899893859,133.52530418300012,0.7224066144919231
svm,2,43,none,5000,153993,12610,0.7230433794648171,0.717644305451145,0.7285020708956078,0.8698616055487627,0.7196835843899575,140.3441619873047,6.088991165161133,0.7560676066091736,0.85551900624344,25.738855820000026,0.4767301510000834,0.002579234074900091
cnn,2,43,none,5000,153993,12610,0.8776740210134499,0.8749503097894905,0.8803272496416067,0.9764707791856476,0.8856555422420943,76.22191619873047,4.075277805328369,0.8769598666911932,0.85551900624344,34.725248487999124,2.2369774189992313,0.01210262948915909
logreg,4,43,none,5000,153993,12610,0.795194607052815,0.7904406478080139,0.7998611366022306,0.9216486144324096,0.7946818613397931,119.99598693847656,6.547306537628174,0.7039343410844325,0.85551900624344,102.10085097699994,0.5022171269993123,0.002717125242105415
rf,4,43,none,5000,153993,12610,0.8777768159537748,0.8745638973982479,0.8808479010609565,0.9621606414404277,0.8868111343676897,73.61695861816406,3.515693426132202,0.9341354945518682,0.85551900624344,20.037054144999274,6.525562622000507,0.03530499054286823
knn,4,43,none,5000,153993,12610,0.8125074391075235,0.8080502193951262,0.8171412830194825,0.9310029540019693,0.8127649627837144,79.90350341796875,3.690419912338257,0.9354501877360226,0.85551900624344,0.015555227999357157,201.64241882399983,1.090937916314097
svm,4,43,none,5000,153993,12610,0.7935769393077031,0.7888469407597734,0.7980857858123576,0.915497148792971,0.7912459671377554,141.63465881347656,5.898612976074219,0.7702641288940346,0.85551900624344,302.7766827510004,0.595151004001309,0.0032199216810830746
cnn,4,43,none,5000,153993,12610,0.8753908912862353,0.8726384172176894,0.8781399496625734,0.9750587013211856,0.8835062876047997,76.90974426269531,4.175506591796875,0.8744927881233973,0.85551900624344,35.2452103450014,2.249100275999808,0.012168217297682289
logreg,7,43,none,5000,153993,12610,0.8348518129781317,0.8306411515775343,0.8390505974921696,0.9419695510566238,0.8386793881833501,117.14401245117188,6.385579586029053,0.714230065896967,0.85551900624344,125.85581379299947,0.6221504579989414,0.003365995747529899
rf,7,43,none,5000,153993,12610,0.8783340727355357,0.8750902705760539,0.8814413955218237,0.9625555904216757,0.8877825694040999,73.8222885131836,3.5195820331573486,0.9345033922330307,0.85551900624344,29.733754412000053,7.91619197,0.042828656902950756
knn,7,43,none,5000,153993,12610,0.8117878745252497,0.8070913869427897,0.8164889025124837,0.9289470551954727,0.8118218034572381,81.04608917236328,3.7285633087158203,0.9348063667939881,0.85551900624344,0.02251236499978404,295.4411042289994,1.598413193616972
svm,7,43,none,5000,153993,12610,0.8317409134683013,0.8275990373501435,0.8357890337301597,0.9424564744581625,0.8359569303987218,136.6796112060547,5.648080348968506,0.811522771784412,0.85551900624344,983.377117899001,0.7564922889996524,0.00409281998441657
cnn,7,43,none,5000,153993,12610,0.8804170228421178,0.877730222034084,0.882933369204682,0.9770929590876137,0.8894969892490474,77.55990600585938,4.204660892486572,0.845358537931333,0.85551900624344,36.00464047999958,2.3738117849989067,0.012842938988491872
logreg,2,43,none,20000,612918,24924,0.7439269831308093,0.7386513434641759,0.7491616714350829,0.8868876938225652,0.7429008672541393,120.57478332519531,6.531363487243652,0.6976854907646861,0.85551900624344,28.3940640969995,0.42011913300120796,0.002272953747693649
rf,2,43,none,20000,612918,24924,0.8757587889673978,0.8724792473532825,0.8790765667157645,0.9601750760141532,0.8829672699894187,71.6014404296875,3.4402778148651123,0.932723416687406,0.85551900624344,12.857106555999053,5.595208284999899,0.030271531671661592
knn,2,43,none,20000,612918,24924,0.8199735979311166,0.8152394198151081,0.8247750846048381,0.9397567547096314,0.816738255071324,78.88509368896484,3.688725471496582,0.9334051094495601,0.85551900624344,0.009227524000380072,132.42130204400019,0.7164336758605029
svm,2,43,none,20000,612918,24924,0.7207710702576365,0.7151551862782103,0.7261041883985132,0.8687416817252237,0.7195683845665722,132.17950439453125,6.046622276306152,0.7462047025980069,0.85551900624344,32.80527014400104,0.47670662199925573,0.002579106776887671
cnn,2,43,none,20000,612918,24924,0.8917028252377809,0.8895464204393776,0.8939357450721569,0.9836447839683176,0.90250209614609,71.24363708496094,3.7795863151550293,0.907197809926745,0.85551900624344,136.45979067899862,2.2012095130012312,0.011909115817442847
logreg,4,43,none,20000,612918,24924,0.7928357336853609,0.7881120711800796,0.7974395103766149,0.9206531265892639,0.7948493901403565,119.54717254638672,6.499207973480225,0.6999036973716957,0.85551900624344,92.29973045499901,0.49502207699879364,0.0026781981507665994
rf,4,43,none,20000,612918,24924,0.8772033283919625,0.874045546215124,0.8804587957539237,0.9616683077788718,0.8854387796855987,71.79579162597656,3.4575045108795166,0.9322689548459699,0.85551900624344,19.842549662998863,6.486518988998796,0.03509375433631689
knn,4,43,none,20000,612918,24924,0.8156886719975762,0.8110522792526325,0.8205068168809078,0.9406278065723839,0.8109985877066742,78.66714477539062,3.678377389907837,0.9335241351699363,0.85551900624344,0.014669651000076556,201.34186051199868,1.0893118176958714
svm,4,43,none,20000,612918,24924,0.788631961652077,0.783953670898412,0.793236013569865,0.9148911996710561,0.7862280429245573,135.34036254882812,5.868176460266113,0.7712109243970265,0.85551900624344,295.4412254320014,0.6070704410012695,0.0032844089345102604
cnn,4,43,none,20000,612918,24924,0.8927794669811832,0.8906732373791532,0.8948903527305629,0.9840559637296169,0.9036455697687269,71.09344482421875,3.7784423828125,0.9052068342404536,0.85551900624344,137.95722596199994,2.2365456440002163,0.012100293474145537
logreg,7,43,none,20000,612918,24924,0.8332611965331054,0.8290092771471379,0.8375119732445033,0.9430786543601285,0.837849796347704,116.7226791381836,6.341085910797119,0.7322516420139152,0.85551900624344,122.3419942319997,0.6370749199995771,0.0034467409675686136
rf,7,43,none,20000,612918,24924,0.8776036876332276,0.8745355582662132,0.88074759471042,0.9615763333585812,0.8860370022438201,71.98400115966797,3.460566997528076,0.9323609292662606,0.85551900624344,30.542937611000525,8.018248336000397,0.04338080837941286
knn,7,43,none,20000,612918,24924,0.8157968771979182,0.8111205984448584,0.8206176067003622,0.9385178051657163,0.8116703950345132,79.37138366699219,3.6959547996520996,0.9326260320070983,0.85551900624344,0.023059454000758706,305.6488901269986,1.6536399695239976
svm,7,43,none,20000,612918,24924,0.8305939383446769,0.826444486264853,0.834608696897041,0.9418072432561109,0.8357538796606464,131.28140258789062,5.620352745056152,0.810906002142463,0.85551900624344,1134.482740055002,0.7971582719983417,0.0043128335262903016
cnn,7,43,none,20000,612918,24924,0.8937965958643972,0.8918288981469167,0.8958098969843696,0.9844563229708819,0.9047823598634526,71.835205078125,3.87613582611084,0.9019931397902983,0.85551900624344,141.23388167600206,2.3167609259980964,0.012534279007098782
logreg,2,43,none,107969,3310156,56798,0.7417412380839024,0.7365577456515964,0.746983292513651,0.8879913868660528,0.7399035120900471,120.72027587890625,6.501169204711914,0.6942607961738642,0.85551900624344,29.32926698400115,0.40241423699990264,0.0021771656567509366
rf,2,43,none,107969,3310156,56798,0.874195223822457,0.8710475002870879,0.8775731873969151,0.9597476654728027,0.8804190135784136,72.10649871826172,3.441850185394287,0.931884826384756,0.85551900624344,13.05846969799677,5.610491937000916,0.03035422020299791
knn,2,43,none,107969,3310156,56798,0.8187508791672528,0.8139788638968161,0.8235850531746648,0.9349794951145352,0.8146744502288256,79.87092590332031,3.62604022026062,0.9293420041767207,0.85551900624344,0.00945226499970886,135.2078071549986,0.7315093930499723
svm,2,43,none,107969,3310156,56798,0.7222751225423893,0.7167744755649919,0.7276627692140575,0.8711925295129684,0.7218539454094817,133.1606903076172,6.052751541137695,0.7615373794864582,0.85551900624344,30.12713897499998,0.4775720400029968,0.0025837889133113866
cnn,2,43,none,107969,3310156,56798,0.9019065756300247,0.9002607213168616,0.9033541138942173,0.9868314271183873,0.9131688144183179,69.42012023925781,3.501387357711792,0.9235854875185301,0.85551900624344,741.4480814710005,2.17862704199797,0.011786938777486664
logreg,4,43,none,107969,3310156,56798,0.795757274094593,0.7910921862452877,0.800527394663686,0.9199984851271952,0.7949881711990929,119.74805450439453,6.470204830169678,0.7152904768603179,0.85551900624344,96.34423085800154,0.4983765839970147,0.002696346905856145
rf,4,43,none,107969,3310156,56798,0.8757209171472781,0.8726572878591848,0.8789854583707171,0.9605970762954867,0.8829493542044397,72.36840057373047,3.4651191234588623,0.9316684159840722,0.85551900624344,19.89678022699809,6.510510387000977,0.035223554037682334
knn,4,43,none,107969,3310156,56798,0.8153370050964649,0.8106173147140602,0.8201215686922662,0.9359425213975784,0.8109949181272352,79.55020904541016,3.616792678833008,0.9295638248374217,0.85551900624344,0.014610370999434963,200.2677538099997,1.083500621151951
svm,4,43,none,107969,3310156,56798,0.7878691149896664,0.7832430621477371,0.7925139637154803,0.9144691993897227,0.7852212297949773,135.52137756347656,5.872791290283203,0.7699016414728892,0.85551900624344,311.04353542899844,0.5968843230002676,0.0032292993875600137
cnn,4,43,none,107969,3310156,56798,0.9032266790741963,0.9016160513570339,0.904721095305317,0.9871614529794301,0.9146513332549899,69.89781188964844,3.578557014465332,0.9181698172414167,0.85551900624344,750.1713363319977,2.4003384789975826,0.01298645530041866
logreg,7,43,none,107969,3310156,56798,0.8328770680718915,0.8285058584894514,0.8371648224778022,0.9394213185885714,0.8365139251175528,116.9449691772461,6.332217216491699,0.7288810500232641,0.85551900624344,121.81456965799953,0.6903965550009161,0.003735224877462567
rf,7,43,none,107969,3310156,56798,0.8764134304294664,0.873337853414396,0.879619716512271,0.9613220511377777,0.884344261209239,72.47869110107422,3.463306188583374,0.9316305441639525,0.85551900624344,30.987393323001015,7.827272335001908,0.04234757855698577
knn,7,43,none,107969,3310156,56798,0.8163595442396961,0.8115907125260668,0.8212484245055842,0.9342545202722443,0.8125208091555707,80.02648162841797,3.6321985721588135,0.9292879015765497,0.85551900624344,0.024815276003209874,304.6736817540004,1.6483638386552282
svm,7,43,none,107969,3310156,56798,0.8297337070019585,0.8256703762578328,0.8339696427308024,0.9418288842961793,0.8331977459982266,131.3616180419922,5.622844696044922,0.8085741800750944,0.85551900624344,972.6597286549986,0.6989019689972338,0.0037812413787356967
cnn,7,43,none,107969,3310156,56798,0.9021987296709479,0.9005600114859198,0.9037456135551621,0.9871885042795157,0.9140071570681179,69.8470687866211,3.5882532596588135,0.914317712109244,0.85551900624344,765.5026047730025,2.3098471209996205,0.012496873524349528
logreg,2,44,none,1000,30776,5189,0.7256078427129208,0.7200388652522953,0.7313293918524671,0.873075299998918,0.7239965382507648,124.91856384277344,6.607982635498047,0.6805187357304392,0.85551900624344,15.65141912600302,0.41837252500044997,0.0022635041442616074
rf,2,44,none,1000,30776,5189,0.8553188266228074,0.8508311308746668,0.8594114597936835,0.9439659370029324,0.863208862326952,87.92192077636719,3.9253056049346924,0.9174827142192454,0.85551900624344,4.803644192001229,5.361366289002035,0.029006385670396328
knn,2,44,none,1000,30776,5189,0.772866463962258,0.7674052328788493,0.7783453745959,0.907078784206369,0.7616692562237776,91.16310119628906,4.023226261138916,0.9153618922925436,0.85551900624344,0.004683024002588354,51.715501593000226,0.27979431053269543
svm,2,44,none,1000,30776,5189,0.710134499064025,0.7043815453058814,0.715953799431789,0.8615893179826223,0.7076367642839055,146.4988555908203,6.174198150634766,0.7693011026109915,0.85551900624344,7.706443736999063,0.4377853679980035,0.0023685326725494415
cnn,2,44,none,1000,30776,5189,0.8287815012389496,0.8245651974847009,0.8329917932606364,0.9446963221052403,0.8283843698921313,102.89665222167969,5.958307266235352,0.7185799149507125,0.85551900624344,6.94567140000072,2.3062334940004803,0.012477322862679378
logreg,4,44,none,1000,30776,5189,0.7692470000108205,0.763935688512086,0.7747301164637138,0.9025503965720593,0.766041045055646,123.86798858642578,6.573947906494141,0.6893969724184944,0.85551900624344,54.76594002099955,0.4915092720002576,0.0026591929623351637
rf,4,44,none,1000,30776,5189,0.8567200839672354,0.8522967613036192,0.8607406234338894,0.9457350920285229,0.8662188680497752,87.25775909423828,3.9217381477355957,0.9183862276421004,0.85551900624344,8.208147905999795,6.137715257998934,0.03320663545667428
knn,4,44,none,1000,30776,5189,0.768208230087538,0.7627968047566667,0.7736880457130098,0.9090859906727118,0.7554142591700702,89.84640502929688,3.9890499114990234,0.9166116623564928,0.85551900624344,0.007364048997260397,79.6778283120002,0.431077768765488
svm,4,44,none,1000,30776,5189,0.7789475962214744,0.7736099232006642,0.7842182973568637,0.9057099884220435,0.7753216225587878,144.5320281982422,6.000192165374756,0.7822694958719716,0.85551900624344,57.502511299000616,0.6057016710001335,0.0032770035329005133
cnn,4,44,none,1000,30776,5189,0.8119285412856941,0.8077325900651883,0.8160947545499851,0.9393022928681952,0.808285877319542,101.88832092285156,5.573487758636475,0.7216799939405087,0.85551900624344,7.011745911997423,2.251433471999917,0.012180840494713727
logreg,7,44,none,1000,30776,5189,0.8119069002456258,0.8071333961240379,0.8167553361032561,0.9258956685458303,0.8132175721483006,121.17645263671875,6.400671005249023,0.7163725288637371,0.85551900624344,58.236715055001696,0.6049042030026612,0.0032726890236788753
rf,7,44,none,1000,30776,5189,0.8578562385708257,0.8534580664240532,0.8619238950968812,0.9453509635673091,0.86754783013696,87.6738510131836,3.9242944717407227,0.9186675611629895,0.85551900624344,10.551968411000416,7.479643665999902,0.04046681706828777
knn,7,44,none,1000,30776,5189,0.7655085103390069,0.7599124903361625,0.7713501482343222,0.9027776274927773,0.7524598447340933,92.779296875,4.067626953125,0.9164277135159116,0.85551900624344,0.011378497001715004,118.87490369399893,0.6431441384918302
svm,7,44,none,1000,30776,5189,0.8187184176071503,0.8139632318044884,0.8233941931975035,0.9309542616618155,0.8208521061422887,138.0184326171875,5.733260154724121,0.8106895917417791,0.85551900624344,288.15175846400234,0.7864365929999622,0.0042548264550892265
cnn,7,44,none,1000,30776,5189,0.8307291948451042,0.8264056879038224,0.834811959415256,0.9401192421307768,0.8313014740328325,99.1253890991211,5.569406986236572,0.6877197918131945,0.85551900624344,7.179063707000751,2.2892797179993067,0.012385598526241421
logreg,2,44,none,5000,152944,12722,0.7406970579006027,0.7354413072785869,0.7461287992473091,0.8881482844065486,0.7400979107072093,121.60517120361328,6.54720401763916,0.6961652076998821,0.85551900624344,26.253540853998857,0.39367007200053195,0.0021298574504719477
rf,2,44,none,5000,152944,12722,0.8752394040057565,0.8715964564072352,0.8787833272232596,0.9596286397524265,0.8835874702236065,73.75446319580078,3.5574119091033936,0.9275403875910276,0.85551900624344,12.232229766999808,5.346435389001272,0.028925605619102936
knn,2,44,none,5000,152944,12722,0.8110033868227707,0.8064827559478277,0.815446380275199,0.9307216204810803,0.8117194832902284,79.99837493896484,3.7080323696136475,0.922292435374444,0.85551900624344,0.009835857999860309,129.848612916001,0.7025147587348702
svm,2,44,none,5000,152944,12722,0.7220587121417056,0.7166565806375952,0.7276671679648077,0.8699968620491901,0.7199664436399928,131.87985229492188,6.053950309753418,0.7554941190473614,0.85551900624344,31.916869230000884,0.46380622899960144,0.0025093122964368105
cnn,2,44,none,5000,152944,12722,0.8783340727355357,0.8753058574986379,0.8814223218952782,0.9752480604217839,0.8871368373981474,78.27447509765625,4.238792896270752,0.8471601545170261,0.85551900624344,33.93906081199748,2.1502266759998747,0.011633285412856263
logreg,4,44,none,5000,152944,12722,0.7987437376240302,0.7938995187670224,0.8035280607713992,0.9194682796455198,0.7977511185432294,120.54496765136719,6.511036396026611,0.7119090643496326,0.85551900624344,101.96114424600091,0.48651054200308863,0.0026321485332952196
rf,4,44,none,5000,152944,12722,0.8762132508088338,0.8725999375959228,0.8797073092820786,0.9605051018751961,0.8856023999433102,73.63103485107422,3.563300132751465,0.9274916952508737,0.85551900624344,19.56243307600016,6.469862604000809,0.03500363896253292
knn,4,44,none,5000,152944,12722,0.806648127509008,0.8021093056838836,0.8110709194915533,0.9313438003830464,0.8061049158062579,79.89439392089844,3.7096245288848877,0.9223465379746151,0.85551900624344,0.015296813999157166,202.35890175200257,1.0948142752524026
svm,4,44,none,5000,152944,12722,0.7888375515327266,0.7841318434638431,0.7935296877582163,0.9138578400077908,0.7863112684179945,134.30641174316406,5.878615379333496,0.7713028988173172,0.85551900624344,328.5682798159978,0.5762087980001525,0.0031174394213194134
cnn,4,44,none,5000,152944,12722,0.8702024519298397,0.8669389571555981,0.8731155330943654,0.9742688033586894,0.8802288678247546,77.33037567138672,4.2828898429870605,0.8929958773818669,0.85551900624344,35.01800368900149,2.261935590999201,0.012237659689230341
logreg,7,44,none,5000,152944,12722,0.8330826579525412,0.8285977131779669,0.8372667466572109,0.9399731651103153,0.8375246803098859,117.8067855834961,6.3565354347229,0.7229622255645606,0.85551900624344,109.11578416300108,0.6224996220007597,0.003367884815568346
rf,7,44,none,5000,152944,12722,0.8768191999307486,0.8732567064240457,0.8802678104224037,0.960661999415692,0.8865448712500081,73.8411636352539,3.5662477016448975,0.9274700542108054,0.85551900624344,30.120500813001854,7.63981066499764,0.04133336217902356
knn,7,44,none,5000,152944,12722,0.8029637404373654,0.7983308037131023,0.8073656043520148,0.929525953017302,0.8029012574396849,81.14448547363281,3.746913433074951,0.9216377939123754,0.85551900624344,0.023924289998831227,302.04541327100014,1.634144222767457
svm,7,44,none,5000,152944,12722,0.8277210902755986,0.8233190914210854,0.831866522227589,0.9416178841555125,0.8314244831125663,130.13754272460938,5.634843826293945,0.8116472077648051,0.85551900624344,1006.7677912449981,0.7907866109999304,0.004278361183548105
cnn,7,44,none,5000,152944,12722,0.8782637393553134,0.8752775695773232,0.8809096227342403,0.9759189326639038,0.8900795695838106,77.25588989257812,4.1708855628967285,0.8658742439161626,0.85551900624344,35.59782082699894,2.2894631769995613,0.012386591087135274
logreg,2,44,none,20000,612482,25877,0.7396312366772347,0.734274318844729,0.7450502288286119,0.8861464882002229,0.7379514623981087,120.66390228271484,6.542891025543213,0.7028414685609791,0.85551900624344,32.52053663799961,0.3918919769967033,0.0021202374941661343
rf,2,44,none,20000,612482,25877,0.8747308395641494,0.8712746085061771,0.8780677521124758,0.9604293582349568,0.8815674471880837,71.90921783447266,3.4726388454437256,0.9312301849226874,0.85551900624344,12.738494358000025,5.574142531000689,0.030157560465069677
knn,2,44,none,20000,612482,25877,0.8100620015797959,0.8055920446636294,0.8144569529712806,0.9292337989763788,0.8103026843916861,80.00467681884766,3.601740598678589,0.878463918975946,0.85551900624344,0.009612593999918317,133.35059799600276,0.7214614085936719
svm,2,44,none,20000,612482,25877,0.7255212785526473,0.7199879967538388,0.7311317543601812,0.8649112176331194,0.7244381994290048,132.07919311523438,6.050411224365234,0.7464806258588788,0.85551900624344,32.38188949300093,0.48262795300252037,0.002611142717262627
cnn,2,44,none,20000,612482,25877,0.8934611597433373,0.891242099772856,0.8955634160041204,0.9832444247270524,0.9039653366389884,72.44981384277344,3.9153308868408203,0.8737191209409524,0.85551900624344,136.23492155400163,2.195444505003252,0.011877925625173138
logreg,4,44,none,20000,612482,25877,0.7928898362855319,0.7880741190268247,0.7977215006690175,0.9171418678381683,0.7939568799963093,119.6658935546875,6.510778427124023,0.7129586547929494,0.85551900624344,97.88493937399835,0.48922278299869504,0.0026468224623104786
rf,4,44,none,20000,612482,25877,0.8761320969085774,0.8726932920043486,0.8793627895449083,0.9615276410184274,0.8840793163095007,72.02793884277344,3.486888885498047,0.9317712109243971,0.85551900624344,20.535862770000676,6.466626050998457,0.034986128369231075
knn,4,44,none,20000,612482,25877,0.807432615211487,0.8028888717446814,0.8119653221060825,0.93059177424067,0.8071566832933651,79.6921615600586,3.593400001525879,0.8785883549563392,0.85551900624344,0.014616157001000829,200.01500714299982,1.082133195965027
svm,4,44,none,20000,612482,25877,0.7894489109146585,0.7846199491152677,0.7942718136362461,0.9126459417639612,0.7873208370147874,135.0045166015625,5.877640724182129,0.766357921161691,0.85551900624344,262.4048541529992,0.6560679950016493,0.003549498441854038
cnn,4,44,none,20000,612482,25877,0.8947542118874233,0.8925225676009818,0.8968030667471886,0.9839802200893775,0.9054191286743303,71.42820739746094,3.7462260723114014,0.9081229643896686,0.85551900624344,138.23553061200073,2.2836215829993307,0.012354986544679716
logreg,7,44,none,20000,612482,25877,0.8328121449516864,0.8284777886417944,0.8370037612941499,0.9421156280770854,0.8366357284355217,116.90170288085938,6.3728837966918945,0.736958568228789,0.85551900624344,136.38883685600013,0.6584309859972564,0.00356228283755833
rf,7,44,none,20000,612482,25877,0.8771005334516376,0.8737346350862427,0.8804158298077113,0.9617656924591795,0.885484040348043,72.09705352783203,3.4853641986846924,0.9313383901230293,0.85551900624344,30.899663464002515,7.8558358080008475,0.04250211437290135
knn,7,44,none,20000,612482,25877,0.8060043065669736,0.8014945112993875,0.8108653402732756,0.928849670515165,0.8054860903864092,80.62059783935547,3.6198606491088867,0.8783935855957238,0.85551900624344,0.023303927002416458,303.8605240090001,1.6439644438198602
svm,7,44,none,20000,612482,25877,0.8280024237964877,0.8237023569533967,0.8321158796267031,0.9409902939935293,0.8320594583352926,131.20767211914062,5.626605033874512,0.8042405618014001,0.85551900624344,1017.5645885099984,0.7922765529983735,0.0042864221571700745
cnn,7,44,none,20000,612482,25877,0.895576571410022,0.8934288050934953,0.8974884226941198,0.9835257582479414,0.9065442771758356,71.88336181640625,3.8530282974243164,0.8571529047686032,0.85551900624344,141.5606713260022,2.3617781670000113,0.012777833986171437
logreg,2,44,none,107969,3310156,56798,0.7443922654922795,0.7391378857968632,0.7497602662672179,0.8881428741465315,0.7448518323564466,120.76248168945312,6.530185222625732,0.6917017431857775,0.85551900624344,32.990538780999486,0.4059010510027292,0.0021960302271374814
rf,2,44,none,107969,3310156,56798,0.8753476092060984,0.8718108202013516,0.8785879398453195,0.9603644351147517,0.8821031300774493,72.08531188964844,3.44140887260437,0.9296882608178149,0.85551900624344,14.899654650002049,5.561057244998665,0.030086765665400656
knn,2,44,none,107969,3310156,56798,0.8166571085406364,0.8118345478223966,0.8213344167121539,0.9391345748076653,0.8155422270206306,78.29022216796875,3.6641652584075928,0.924640488221864,0.85551900624344,0.009247411002434092,134.6027410420029,0.7282358280511317
svm,2,44,none,107969,3310156,56798,0.7174221193070539,0.7120148462461724,0.7229663429962151,0.8677624246621293,0.7164228335598201,133.30612182617188,6.049324035644531,0.7556780678879427,0.85551900624344,33.88314349999928,0.4933766510002897,0.0026692959682758028
cnn,2,44,none,107969,3310156,56798,0.9028912429531363,0.9013103732955174,0.9044777304671443,0.9863336831968145,0.9144895288355842,69.6260986328125,3.572930335998535,0.9164385340359458,0.85551900624344,740.5359606940001,2.199660584999947,0.011900735714208138
logreg,4,44,none,107969,3310156,56798,0.7946157092309857,0.789778504594328,0.7993039757691286,0.9200309466872978,0.7941225837163053,119.7781982421875,6.492419719696045,0.7105564993453586,0.85551900624344,97.693671574998,0.502271933000884,0.0027174217568244154
rf,4,44,none,107969,3310156,56798,0.8767542768105435,0.8733028279815946,0.8800332951235581,0.9615438717984787,0.8848860915426536,72.3144302368164,3.463075876235962,0.9296503889976953,0.85551900624344,20.35179164100191,6.536461053001403,0.035363953888361464
knn,4,44,none,107969,3310156,56798,0.8138654143718147,0.8091458601862113,0.8186080832559517,0.9405682937121959,0.812197781987902,78.01931762695312,3.649446487426758,0.924813616542411,0.85551900624344,0.014661543998954585,202.0577925260004,1.0931851960461842
svm,4,44,none,107969,3310156,56798,0.7901522447168811,0.7853330660405211,0.7949579336096312,0.9170282523778093,0.7878054531000456,135.14317321777344,5.8707594871521,0.7654381769587847,0.85551900624344,274.04748805300187,0.6097078929997224,0.0032986782356045014
cnn,4,44,none,107969,3310156,56798,0.9041193719770172,0.9025677464486818,0.9056262402993789,0.9870207862189857,0.9157728009843182,69.48826599121094,3.568235158920288,0.9193871257452633,0.85551900624344,753.0343579930013,2.407198632001382,0.01302357051192628
logreg,7,44,none,107969,3310156,56798,0.831838298148609,0.8276997631572333,0.8359833851446464,0.9434086802211714,0.8354908227727266,117.01671600341797,6.354048728942871,0.7292597682244608,0.85551900624344,124.35096669199993,0.6327319779993559,0.003423244522108248
rf,7,44,none,107969,3310156,56798,0.8773872772325438,0.8740139596861949,0.8804957856186438,0.9616899488189402,0.8855839056579087,72.31254577636719,3.4591434001922607,0.9303374920198665,0.85551900624344,30.8370690619995,7.962558199000341,0.043079510257854836
knn,7,44,none,107969,3310156,56798,0.8122856184468226,0.8076325385184124,0.8171224778433459,0.9385394462057847,0.8110121411868488,79.0831527709961,3.684835433959961,0.923969615979744,0.85551900624344,0.022530220998305595,305.1405154250024,1.6508895302000843
svm,7,44,none,107969,3310156,56798,0.8293387580207104,0.8251519468446401,0.8334731815589289,0.9430029107198892,0.833805145789209,131.54840087890625,5.622528076171875,0.8055877165456572,0.85551900624344,1100.0923839469979,0.8026440539979376,0.004342513033305223
cnn,7,44,none,107969,3310156,56798,0.9040544488568121,0.9024680691719446,0.905646948679617,0.9869666836188147,0.9160783244084579,69.73452758789062,3.5906312465667725,0.9219948710735038,0.85551900624344,759.951769927,2.270300520998717,0.012282916135552532
logreg,2,45,none,1000,30166,4969,0.7302336150275383,0.7245232086964439,0.7361870012406807,0.8731943257192941,0.7299690770297111,122.13190460205078,6.548785209655762,0.7021760065788761,0.85551900624344,16.539751828997396,0.40482173999771476,0.0021901908739610392
rf,2,45,none,1000,30166,4969,0.8575965460900051,0.8533773210854638,0.8615872364400148,0.944393347544283,0.8654193943252884,82.67073822021484,3.8001277446746826,0.9195710745858446,0.85551900624344,4.47287793400028,5.502936311000667,0.02977231630003499
knn,2,45,none,1000,30166,4969,0.7694201283313676,0.7639924505468749,0.7750606106557577,0.9041356027570685,0.7636531768170055,88.4677505493164,3.904197931289673,0.925874027505762,0.85551900624344,0.004537861001153942,49.04427746399597,0.2653422934308405
svm,2,45,none,1000,30166,4969,0.7208792754579785,0.7150691980545221,0.726988250144035,0.8644567557916834,0.7189655955549571,133.1795196533203,6.067989349365234,0.7512741162340262,0.85551900624344,6.303790408994246,0.4709115220030071,0.0025477537790828913
cnn,2,45,none,1000,30166,4969,0.8256922427691875,0.8215900189483017,0.8299509513496712,0.9442093987037017,0.8288064363087383,92.78321838378906,5.056984901428223,0.7743110033868228,0.85551900624344,6.819156618999841,2.203550100006396,0.011921779001733425
logreg,4,45,none,1000,30166,4969,0.7738294902453012,0.7685863445380463,0.7794187091171806,0.9016036010690673,0.772428426017472,120.98867797851562,6.514676570892334,0.7035231613231332,0.85551900624344,47.32028247999551,0.49441867399582407,0.002674933583625437
rf,4,45,none,1000,30166,4969,0.8598688552971856,0.8555914793318247,0.8638492190889,0.9460326563294632,0.8686277996382933,81.95372772216797,3.809823989868164,0.91959812588593,0.85551900624344,6.933083927004191,6.192657425999641,0.0335038868714611
knn,4,45,none,1000,30166,4969,0.7642046376748867,0.7587604299793397,0.7698075797841056,0.9055530908815478,0.7552789366118321,87.43838500976562,3.8766298294067383,0.9268478743088393,0.85551900624344,0.006958422003663145,73.94153828300477,0.40004294817514513
svm,4,45,none,1000,30166,4969,0.7853046517415627,0.7801026690747407,0.7907244638484865,0.9082798619301644,0.7846301442711282,134.4413604736328,5.896430015563965,0.773596849064566,0.85551900624344,65.35346152100101,0.5857027000020025,0.0031688038997262544
cnn,4,45,none,1000,30166,4969,0.8077301795124273,0.8033595843933111,0.8125547355580859,0.9340543406516117,0.8071757209709831,94.53977966308594,5.084002494812012,0.7842280099981606,0.85551900624344,6.784731072002614,2.3623771499987924,0.012781074639940663
logreg,7,45,none,1000,30166,4969,0.8171332114221409,0.8123928325266859,0.821924873094409,0.9265232587078135,0.8191451070837752,118.15135955810547,6.354818820953369,0.7285888959823409,0.85551900624344,67.51549566799804,0.5813854270018055,0.0031454463302303987
rf,7,45,none,1000,30166,4969,0.8603774197387927,0.8562938631233727,0.8642956869353461,0.9457350920285229,0.8695520953832865,82.26868438720703,3.8038949966430664,0.9198415875866994,0.85551900624344,9.917535250002402,7.485134135997214,0.0404965219385893
knn,7,45,none,1000,30166,4969,0.7616780462469026,0.7562447147575954,0.7676271987269806,0.9007325492063148,0.753634819839735,89.65018463134766,3.9448392391204834,0.9247270523821375,0.85551900624344,0.0094910850020824,110.58828036100022,0.5983113515965689
svm,7,45,none,1000,30166,4969,0.8219104710172371,0.8175089831465111,0.8265956005132281,0.9322527240659186,0.8255374606918612,131.49427795410156,5.6519575119018555,0.8180150838049277,0.85551900624344,260.2654395760037,0.7736430470031337,0.004185610044705702
cnn,7,45,none,1000,30166,4969,0.8181395197853208,0.8141522700846076,0.822321760166664,0.9385340359457676,0.8181730128727651,95.92024993896484,5.161636829376221,0.7197647618944566,0.85551900624344,7.087296915000479,2.2835354510025354,0.012354520548181262
logreg,2,45,none,5000,152036,12047,0.7434887520694244,0.7382038158347324,0.749256802967587,0.8875693865847193,0.7426289684037092,120.6104507446289,6.4911394119262695,0.7079649847971694,0.85551900624344,29.970780911004113,0.40489639199950034,0.0021905947607014963
rf,2,45,none,5000,152036,12047,0.8776145081532618,0.8742512147790429,0.8809181143581462,0.9618684873995044,0.8858669643753317,72.74201965332031,3.463958978652954,0.9260796173864115,0.85551900624344,12.123576475001755,5.416112022001471,0.029302574320749813
knn,2,45,none,5000,152036,12047,0.8215155220359891,0.8167602112824998,0.826306777520326,0.9341787766320049,0.8209128092170036,83.074951171875,3.6144936084747314,0.9003051386649642,0.85551900624344,0.009108850004849955,129.36609529700218,0.6999042129532563
svm,2,45,none,5000,152036,12047,0.7200244543752773,0.714492620967974,0.7257473061446742,0.8662746031574278,0.7192179451134816,133.43946838378906,6.0497846603393555,0.7518638345758897,0.85551900624344,33.64392679599405,0.46873650699853897,0.0025359863823676324
cnn,2,45,none,5000,152036,12047,0.8735514028804224,0.8707518883635741,0.8762581090785814,0.974918034560741,0.8814021920697732,79.14765930175781,4.597004413604736,0.8084876159148209,0.85551900624344,33.68680559800123,2.1662956989966915,0.011720223005489744
logreg,4,45,none,5000,152036,12047,0.7943073244100112,0.7897777089238172,0.7992686787171859,0.9184727918023741,0.7934594850124396,119.58328247070312,6.451684951782227,0.713158834413582,0.85551900624344,95.32050451299438,0.5088072500002454,0.002752779521085111
rf,4,45,none,5000,152036,12047,0.8785017907960656,0.8751877227284899,0.8816687982274704,0.9626421545819492,0.8877251841285643,72.70366668701172,3.4715287685394287,0.9264583355876084,0.85551900624344,19.349255811997864,6.3634587329943315,0.03442796635356229
knn,4,45,none,5000,152036,12047,0.8176471861237651,0.812780552352007,0.8224279539529871,0.9352283670753216,0.8167270434691225,82.96155548095703,3.607980728149414,0.9005810619258362,0.85551900624344,0.014696873004140798,193.18553582699678,1.045183980366149
svm,4,45,none,5000,152036,12047,0.79127216854042,0.7868135488885424,0.7962407398648306,0.9149561227912614,0.7888728266537792,135.9366912841797,5.870084285736084,0.772141489119967,0.85551900624344,259.8663787810001,0.5999194219984929,0.0032457200623180415
cnn,4,45,none,5000,152036,12047,0.873751582501055,0.8707308545046741,0.876553503429705,0.9748260601404504,0.8819148738010938,76.91825866699219,4.3401665687561035,0.8468138978759319,0.85551900624344,34.16095310499804,2.201866618997883,0.011912670931743526
logreg,7,45,none,5000,152036,12047,0.8327959141716351,0.828538661779749,0.8369820613530031,0.9406386270924181,0.8356904231334983,116.85318756103516,6.293896675109863,0.725678176093143,0.85551900624344,121.94568820399581,0.631059159997676,0.0034141941417578803
rf,7,45,none,5000,152036,12047,0.8787073806767153,0.8754534742856871,0.8819666141728493,0.9631615395435905,0.888173582295368,72.8679428100586,3.4743311405181885,0.9254412067043942,0.85551900624344,29.643022256997938,7.860177595997811,0.04252560457490403
knn,7,45,none,5000,152036,12047,0.8157644156378155,0.8108595304647547,0.8207416206229039,0.9325719294069273,0.8148874004486124,83.4250259399414,3.6254117488861084,0.9001157795643658,0.85551900624344,0.022938176000025123,292.9982923960051,1.585196946427633
svm,7,45,none,5000,152036,12047,0.8306859127649675,0.8264593541919891,0.8348729291200224,0.9424781154982308,0.8341882037763523,132.27847290039062,5.622507095336914,0.8109925663027365,0.85551900624344,1143.383474455,0.8091393619997689,0.004377654338486257
cnn,7,45,none,5000,152036,12047,0.8760401224882868,0.8731975355338968,0.8788923164034785,0.9753508553621087,0.884596828218366,75.38663482666016,4.097254276275635,0.8894305160306004,0.85551900624344,35.13702126599992,2.2763672959999894,0.012315738965774639
logreg,2,45,none,20000,612380,24339,0.7426122899466548,0.737459444049859,0.7482555326580274,0.8894846186307714,0.7429409320145077,121.1505355834961,6.510238170623779,0.7079541642771352,0.85551900624344,30.526438260000305,0.403978337999888,0.002185627849853858
rf,2,45,none,20000,612380,24339,0.8737191209409524,0.8704617186556604,0.8770201115294607,0.9593094344114178,0.880331036172716,72.69659423828125,3.4466209411621094,0.9283519265935921,0.85551900624344,12.690413431000252,5.4867490410001665,0.029684738960365335
knn,2,45,none,20000,612380,24339,0.8127130289881732,0.8080194139058978,0.817517339161351,0.9308839282815932,0.8125372131050512,82.87647247314453,3.667637825012207,0.9109308893385416,0.85551900624344,0.009909436999805621,129.51712486099996,0.700721322164753
svm,2,45,none,20000,612380,24339,0.71770886308796,0.7120197031348234,0.7236215672158128,0.8680762197431209,0.7164710214653829,133.44873046875,6.051985263824463,0.7527619377387277,0.85551900624344,29.32582918900016,0.4641816220000692,0.002511343270177939
cnn,2,45,none,20000,612380,24339,0.8922492614995077,0.890112270783468,0.8942731435098914,0.9836015018881807,0.9030077047765589,72.83576965332031,3.7419841289520264,0.8703593494703356,0.85551900624344,134.77876529700006,2.1414367150000544,0.0115857294383071
logreg,4,45,none,20000,612380,24339,0.7972234545592262,0.7924764158791228,0.8022553587660296,0.9188785613036563,0.7965921201947006,120.18341827392578,6.484140396118164,0.7121038337102481,0.85551900624344,100.48131791700007,0.5285827640000207,0.0028597701937956256
rf,4,45,none,20000,612380,24339,0.8756776350671414,0.8724885704418451,0.878916867698712,0.9608459482562732,0.8834044429097677,72.98705291748047,3.465245485305786,0.9280327212525834,0.85551900624344,20.839760794000085,6.712134353000238,0.03631439211941655
knn,4,45,none,20000,612380,24339,0.8091422573768895,0.8044938654338787,0.8141074724314152,0.9314520055833884,0.8077884891732539,82.77064514160156,3.6600375175476074,0.9109146585584903,0.85551900624344,0.01675659900001847,192.06668320200015,1.0391306967441063
svm,4,45,none,20000,612380,24339,0.791320860880574,0.7866758715936389,0.7963014678032214,0.9157406104937403,0.7882082348169032,135.37142944335938,5.873795032501221,0.7665148187021869,0.85551900624344,279.9001166349999,0.5855112369999915,0.003167768035101721
cnn,4,45,none,20000,612380,24339,0.8901933626930111,0.8879135897629208,0.8922089687183972,0.9832660657671207,0.9006080342624964,72.63400268554688,3.7729270458221436,0.8745577112436024,0.85551900624344,136.3361419640005,2.2263765580000836,0.012045276074748605
logreg,7,45,none,20000,612380,24339,0.8340727355356699,0.8297709398889138,0.8382575508758447,0.9417098585758031,0.8380147205587093,117.410888671875,6.342006683349609,0.7274581516387678,0.85551900624344,125.91303551500005,0.6485032320006212,0.0035085711070507656
rf,7,45,none,20000,612380,24339,0.8762132508088338,0.8730416678382682,0.8794103153032047,0.9611813843773331,0.8842386180911128,73.082763671875,3.4662787914276123,0.9281355161929082,0.85551900624344,31.84181239300051,8.085592805000488,0.043745159467416646
knn,7,45,none,20000,612380,24339,0.8076165640520684,0.8028226948631157,0.8124563664158421,0.9294718504171311,0.8067001681856297,82.95674896240234,3.677708148956299,0.9102383760563533,0.85551900624344,0.026699743000790477,297.43697764599983,1.609211387764155
svm,7,45,none,20000,612380,24339,0.8300853739030698,0.8256774336984251,0.8342847920326625,0.9410984991938712,0.8343478106618689,132.0113983154297,5.624472141265869,0.8120096951859507,0.85551900624344,1344.5243514900003,0.8072760300001391,0.004367573227870084
cnn,7,45,none,20000,612380,24339,0.8931852364824654,0.8910157697115548,0.8952564204575969,0.9839748098293604,0.9035280448650824,72.65826416015625,3.7246272563934326,0.8943971347262949,0.85551900624344,142.14427327500016,2.3158785380001063,0.012529505058593692
logreg,2,45,none,107969,3310156,56798,0.7418169817241417,0.7365882386281415,0.7476912993414864,0.8871041042232489,0.7403477192872249,120.83799743652344,6.504161834716797,0.6943473603341377,0.85551900624344,29.71514726300029,0.4353248019997409,0.0023552203707096144
rf,2,45,none,107969,3310156,56798,0.8750338141251068,0.8715979119365871,0.8783096835458906,0.9600560502937772,0.882092149899467,71.88142395019531,3.4326508045196533,0.932615211487064,0.85551900624344,16.102331244999732,5.640784651000104,0.030518111662357055
knn,2,45,none,107969,3310156,56798,0.8198924440308601,0.8151488341349754,0.8248554396157025,0.9357261109968945,0.8168255704961108,80.98245239257812,3.674429178237915,0.9072897843470357,0.85551900624344,0.010052665000330308,132.44601222000074,0.716567364337734
svm,2,45,none,107969,3310156,56798,0.7208955062380298,0.7152291236889381,0.7268919744929625,0.8695694515078395,0.7201505006940172,133.697998046875,6.0484819412231445,0.7613534306458768,0.85551900624344,33.11089439300031,0.47257195400015917,0.0025567371479281904
cnn,2,45,none,107969,3310156,56798,0.9026207299522815,0.9009236981481541,0.9041669485199447,0.9869991451789173,0.9143795972954929,69.27948760986328,3.5402698516845703,0.9215133579319822,0.85551900624344,741.0255238919999,2.2112650730005043,0.011963519011656428
logreg,4,45,none,107969,3310156,56798,0.7934254520272245,0.7888616452070178,0.7983395811493795,0.9215945118322386,0.7934981608831854,119.83535766601562,6.473313808441162,0.7045132389062618,0.85551900624344,99.86852958999953,0.5152690439999787,0.002787739506800582
rf,4,45,none,107969,3310156,56798,0.8765432766698767,0.8732808009489949,0.8797283677244975,0.9613328716578119,0.8845348594215398,72.07726287841797,3.4559619426727295,0.931998441845115,0.85551900624344,20.006375078999554,6.521527601999878,0.035283160035490646
knn,4,45,none,107969,3310156,56798,0.8160403388986874,0.8111392531749803,0.8210541446562892,0.9358018546371338,0.8116126304786766,80.69251251220703,3.6658132076263428,0.9071437073265741,0.85551900624344,0.016546744000152103,200.6055764290004,1.0853283293604012
svm,4,45,none,107969,3310156,56798,0.7910016555395653,0.7866692652003089,0.7959816629725205,0.9152320460521333,0.7888891866153449,136.26300048828125,5.872610569000244,0.7809710334678684,0.85551900624344,272.6683609969996,0.6512356809998892,0.00352335436662026
cnn,4,45,none,107969,3310156,56798,0.9041301924970514,0.9024804505900992,0.9057188833623886,0.9871181708992934,0.9158262091537577,69.3956069946289,3.5881521701812744,0.9194520488654685,0.85551900624344,752.46180757,2.410833036999975,0.013043233587976101
logreg,7,45,none,107969,3310156,56798,0.8323739138903016,0.8280989456859702,0.836704718980553,0.9423428589978035,0.8360110094219314,117.0240249633789,6.318609714508057,0.7262624841749894,0.85551900624344,127.18732083000032,0.6471783460001461,0.0035014031292951845
rf,7,45,none,107969,3310156,56798,0.8771762770918771,0.873979993948902,0.8802749683569892,0.9615979743986496,0.8854152265925163,72.26024627685547,3.45664119720459,0.9328153911076966,0.85551900624344,31.746275750998393,8.144590644000345,0.04406435311685267
knn,7,45,none,107969,3310156,56798,0.8179339299046712,0.8130455080110072,0.823043612206765,0.9343410844325178,0.8138044716824245,80.66051483154297,3.6884605884552,0.907138297066557,0.85551900624344,0.024479147001329693,302.1063992620002,1.6344741728361678
svm,7,45,none,107969,3310156,56798,0.8304803228843178,0.8262740273803363,0.8347229794289657,0.9416287046755467,0.8352026414159223,132.54066467285156,5.621246814727783,0.8174253654630641,0.85551900624344,1124.5258481359997,0.7978162489998795,0.004316393352953891
cnn,7,45,none,107969,3310156,56798,0.903150935433957,0.901505341560443,0.9045857818137135,0.9871019401192421,0.914887548504196,69.82369232177734,3.537142753601074,0.9090481188525921,0.85551900624344,781.1156139659997,2.420347598999797,0.013094709842343925
logreg,2,46,none,1000,30720,5192,0.7317701288723936,0.7262678588172528,0.7374614595929603,0.8755964811668849,0.7304822008054763,123.4186782836914,6.625496864318848,0.684603482043347,0.85551900624344,16.132138896999095,0.43561321500055783,0.0023567807600363452
rf,2,46,none,1000,30720,5192,0.8597173680167068,0.8556394213931757,0.8638941569203539,0.9463951437506086,0.8678631354901924,85.83740234375,3.8333559036254883,0.9228713331962735,0.85551900624344,5.168011512998419,5.413659102001475,0.0292893033857487
knn,2,46,none,1000,30720,5192,0.7751766449895582,0.7699234475532244,0.7808748378913261,0.9105359403572936,0.764943605685895,93.13817596435547,4.018700122833252,0.9272049514699676,0.85551900624344,0.004417469999680179,52.388687529999515,0.2834364214917143
svm,2,46,none,1000,30720,5192,0.7152255537401128,0.7093186196160166,0.7212071812565063,0.868308860923856,0.7134085431164204,134.17727661132812,6.067478179931641,0.7531027841198048,0.85551900624344,9.198499133999576,0.49107391299912706,0.0026568375569382637
cnn,2,46,none,1000,30720,5192,0.8315028620275491,0.8275345917227607,0.8355390191753135,0.9497549152212256,0.8317831474510272,93.00264739990234,5.014821529388428,0.8027960223768354,0.85551900624344,7.011026493000827,2.4182915880010114,0.013083586288242485
logreg,4,46,none,1000,30720,5192,0.772081976259779,0.7669892232702464,0.7773467577280362,0.904389884977872,0.7712509198917727,122.52625274658203,6.592744827270508,0.6891426901976909,0.85551900624344,55.30639387700103,0.5394896810012142,0.0029187794507569724
rf,4,46,none,1000,30720,5192,0.8612863434216649,0.8572834588241287,0.8655051394182829,0.9471634006730364,0.8701887467362991,84.816650390625,3.821951150894165,0.923574666998496,0.85551900624344,7.585532742999931,6.381525942000735,0.034525714652070154
knn,4,46,none,1000,30720,5192,0.769052230650205,0.7636753591441591,0.7747980963464782,0.9132194293257734,0.756559739517574,92.2590103149414,4.006149768829346,0.9275187465509592,0.85551900624344,0.007532355999501306,78.17624780900042,0.42295382780765667
svm,4,46,none,1000,30720,5192,0.7836545224363483,0.7786151369972986,0.788745205340498,0.910054427215772,0.7818659669644759,137.1261749267578,5.896594524383545,0.7686302303688716,0.85551900624344,52.47713320599905,0.6037078400004248,0.003266216388761942
cnn,4,46,none,1000,30720,5192,0.8173712628628932,0.8134974870174134,0.8215183467426102,0.9416882175357347,0.8149311051005736,94.80488586425781,5.353600025177002,0.8029096378371945,0.85551900624344,7.033521302000736,2.28831899800025,0.012380400781242898
logreg,7,46,none,1000,30720,5192,0.8142495428330285,0.8096041114605962,0.8189744252966498,0.9282978239934211,0.8156126009068524,119.55166625976562,6.4053635597229,0.7193698129132086,0.85551900624344,57.886336472998664,0.6321259760006797,0.0034199658937245293
rf,7,46,none,1000,30720,5192,0.8618814720235455,0.8579087040449274,0.8661216213398059,0.9481859398162675,0.8715958471454891,86.12107849121094,3.8452916145324707,0.9220814352337773,0.85551900624344,10.936872821999714,7.650950609000574,0.04139363217265533
knn,7,46,none,1000,30720,5192,0.764837638096887,0.7591577482080752,0.7707683896015762,0.9084638107707457,0.7538946564628876,94.82537078857422,4.043450832366943,0.9259389506259671,0.85551900624344,0.010907047000728198,119.67907369900058,0.6474949073168388
svm,7,46,none,1000,30720,5192,0.8229005486003658,0.8182403651062188,0.8275855507415993,0.9335565967300389,0.8263478205670964,132.8032684326172,5.652719974517822,0.8053875369250246,0.85551900624344,306.56741486600004,0.8303760740000143,0.004492550472315777
cnn,7,46,none,1000,30720,5192,0.8222837789584168,0.8181113835982698,0.8264745946520158,0.9421102178170683,0.8199570029440815,95.14035034179688,5.438302516937256,0.7937500676282502,0.85551900624344,7.542109195999728,2.3761808030012617,0.012855755991869795
logreg,2,46,none,5000,153582,12530,0.7427583669671164,0.737437869330474,0.7481518199973582,0.8870391811030438,0.741972109065819,122.04359436035156,6.551298141479492,0.7051083675081424,0.85551900624344,28.870320304000415,0.4035768049998296,0.0021834554519180975
rf,2,46,none,5000,153582,12530,0.8761158661285261,0.872837877040559,0.8794054336843545,0.9614681281582392,0.8836529367545759,78.5839614868164,3.5659518241882324,0.9308460564614736,0.85551900624344,12.977901690999715,5.535426219001238,0.029948095150249616
knn,2,46,none,5000,153582,12530,0.8146877738944134,0.8099423154957051,0.8196569097896508,0.9313438003830464,0.8126070886478131,94.84659576416016,3.747131586074829,0.9265773613079845,0.85551900624344,0.010356992001106846,135.87234477699894,0.7351047143761372
svm,2,46,none,5000,153582,12530,0.7177846067281993,0.7119523751744128,0.7233874559424606,0.8657443976757523,0.7157830335370707,130.85731506347656,6.054846286773682,0.7412110326022269,0.85551900624344,31.96395603699966,0.48854939099874173,0.002643179236497299
cnn,2,46,none,5000,153582,12530,0.877122174491706,0.8743332935425784,0.8798153348585385,0.9759135224038867,0.8860163574095288,81.35604095458984,4.280522346496582,0.8636398065291018,0.85551900624344,35.9716347249996,2.2755557489999774,0.012311348285488478
logreg,4,46,none,5000,153582,12530,0.7926788361448651,0.7877551930194285,0.797448243307858,0.9169200471774673,0.7923064930427453,120.99569702148438,6.518252372741699,0.7155934514212753,0.85551900624344,89.03577868299908,0.5543403119991126,0.0029991252258735547
rf,4,46,none,5000,153582,12530,0.8773169438523215,0.8741700389364342,0.8805575689687932,0.9624960775614876,0.8858265902026271,78.12816619873047,3.573160171508789,0.9318577750846706,0.85551900624344,20.288273389000096,6.752245489999041,0.03653140380016145
knn,4,46,none,5000,153582,12530,0.8095750781782572,0.804753783193506,0.814535276871378,0.9311057489422941,0.8060785842536105,93.5539779663086,3.729717493057251,0.927167079649848,0.85551900624344,0.016284067000015057,199.2055932209987,1.0777540561855432
svm,4,46,none,5000,153582,12530,0.7889728080331541,0.7839467080035866,0.7938573470299038,0.9118776848415335,0.7867180792740359,133.7703094482422,5.868380546569824,0.7633876884123051,0.85551900624344,300.42597271900013,0.6348256879991823,0.0034345720376077033
cnn,4,46,none,5000,153582,12530,0.8749039678846965,0.8720758093502093,0.8776253431507341,0.975643009403032,0.8826878778906316,80.14190673828125,4.2032976150512695,0.8509311057489423,0.85551900624344,36.92524932800006,2.3256063769986213,0.012582135196980109
logreg,7,46,none,5000,153582,12530,0.8287382191588127,0.8244412558716863,0.833206016108043,0.9402599088912214,0.832216605822003,118.29519653320312,6.373683929443359,0.7274094592986139,0.85551900624344,130.78414460299973,0.6603083360005257,0.0035724397892191143
rf,7,46,none,5000,153582,12530,0.8779715853143902,0.8746817913353997,0.8811657611490977,0.9624419749613167,0.8869673980451922,78.51832580566406,3.5751538276672363,0.9319713905450296,0.85551900624344,31.144940856000176,7.988430081000843,0.04321948386660919
knn,7,46,none,5000,153582,12530,0.8088933854161031,0.8040018588369382,0.8140084907568738,0.929131004036054,0.8057714373314729,95.07271575927734,3.7721033096313477,0.9259660019260526,0.85551900624344,0.02583670300009544,305.82401767400006,1.654587455089432
svm,7,46,none,5000,153582,12530,0.8262440892909313,0.8219473100887309,0.8306973501335779,0.9407522425527771,0.8292271043854226,130.08543395996094,5.618892669677734,0.8086445134553166,0.85551900624344,1196.6807649359998,0.8031746139986353,0.004345383500863669
cnn,7,46,none,5000,153582,12530,0.8774576106127661,0.874716389478105,0.8801249844547958,0.9762219072248612,0.8863983681631952,82.53083038330078,4.201356887817383,0.8530032353354903,0.85551900624344,36.810187383000084,2.3245372050005244,0.012576350698467405
logreg,2,46,none,20000,615169,25501,0.7422822640856119,0.737199758755325,0.7475478125608002,0.8868931040825823,0.7411423380451508,121.02825164794922,6.520503997802734,0.6968523107220533,0.85551900624344,28.630115481999383,0.4242579210003896,0.0022953456669248602
rf,2,46,none,20000,615169,25501,0.8748660960645769,0.871524832451999,0.8781830471910083,0.9600289989936917,0.881615697933034,72.32794952392578,3.4659626483917236,0.9313438003830464,0.85551900624344,12.860035215000607,5.683124694000071,0.03074718230412192
knn,2,46,none,20000,615169,25501,0.8130701061493015,0.8084798659949297,0.8177949097466831,0.9392373697479901,0.8127530744870275,84.93070983886719,3.6687912940979004,0.9333023145092353,0.85551900624344,0.009396691999427276,135.17685162599992,0.7313419155891226
svm,2,46,none,20000,615169,25501,0.7188504279515674,0.7133715948806891,0.7246170151796464,0.8668535009792571,0.7175009853953889,132.31961059570312,6.048791885375977,0.7624733544694158,0.85551900624344,34.009130034999544,0.4852769660010381,0.002625474566373276
cnn,2,46,none,20000,615169,25501,0.8945864938268934,0.8924503529613076,0.8967069374114575,0.9830767066665224,0.9052088752132615,72.46478271484375,3.832726240158081,0.8911888505361568,0.85551900624344,138.35533335800028,2.133463825000945,0.011542594030324208
logreg,4,46,none,20000,615169,25501,0.7948321196316694,0.7901516899492204,0.7994802477743321,0.92043671618858,0.7940819943723486,120.07494354248047,6.497616291046143,0.6992598764296613,0.85551900624344,104.66838366800039,0.5089739129998634,0.0027536812112482737
rf,4,46,none,20000,615169,25501,0.8762565328889707,0.8730266125616172,0.8795623227134683,0.9611326920371793,0.8840098683343216,72.70418548583984,3.4903342723846436,0.9312301849226874,0.85551900624344,20.32668445499985,6.723867266000525,0.036377870229506074
knn,4,46,none,20000,615169,25501,0.8088555135959834,0.8041778988760261,0.8136163931662372,0.9404925500719564,0.8079121070366634,84.40921783447266,3.6555638313293457,0.9339677764913382,0.85551900624344,0.015861888001381885,204.8473627179992,1.1082774961208393
svm,4,46,none,20000,615169,25501,0.791044937619702,0.7863212179944581,0.7959054863993632,0.9160489953147148,0.7880641941987341,134.95419311523438,5.876150131225586,0.7632307908718093,0.85551900624344,311.05630704899886,0.6264647480002168,0.0033893371782259584
cnn,4,46,none,20000,615169,25501,0.8947866734475259,0.8927507700632662,0.8967967468971345,0.983390501747514,0.9053876754478655,72.24213409423828,3.8366124629974365,0.8929904671218499,0.85551900624344,140.80552061900016,2.349043554000673,0.01270893641862792
logreg,7,46,none,20000,615169,25501,0.8326011448110197,0.8284098563859347,0.8368732793877453,0.9416882175357347,0.836317029197548,117.26065826416016,6.345334053039551,0.7326736422952487,0.85551900624344,121.34264398100277,0.6343454169982579,0.0034319736466140315
rf,7,46,none,20000,615169,25501,0.8768516614908513,0.8737002350860668,0.8802223209435993,0.9615979743986496,0.8850324824754965,72.8048324584961,3.4880318641662598,0.9312788772628412,0.85551900624344,31.002971321999212,8.067008894002356,0.04364461567678217
knn,7,46,none,20000,615169,25501,0.8107707456420356,0.8060908457941781,0.8155831450068602,0.9384582923055282,0.8101996602393949,85.09387969970703,3.673192262649536,0.9333023145092353,0.85551900624344,0.024976132001029328,303.7004947330024,1.6430986438263653
svm,7,46,none,20000,615169,25501,0.8285975523983683,0.82446472660275,0.8328518574849821,0.941141781274008,0.832719045262681,131.43853759765625,5.622469902038574,0.8113658742439162,0.85551900624344,1105.4187479930006,0.8225894819988753,0.004450422984942572
cnn,7,46,none,20000,615169,25501,0.8922546717595248,0.890206001025879,0.8942680390546792,0.9839639893093262,0.9031382908988551,73.66410064697266,3.9075138568878174,0.8745847625436879,0.85551900624344,143.1087124959995,2.410715045996767,0.01304259522596907
logreg,2,46,none,107969,3310156,56798,0.7426826233268771,0.7375245245785879,0.7480444956109819,0.8894413365506346,0.7408413678265113,120.88114929199219,6.494946002960205,0.7018135191577307,0.85551900624344,28.071699423999235,0.41585944200051017,0.0022499077117873884
rf,2,46,none,107969,3310156,56798,0.8748498652845256,0.8716527272196214,0.8781093785996253,0.9594501011718624,0.8814287630276405,72.44742584228516,3.4531731605529785,0.9337459558306372,0.85551900624344,13.324204260999977,5.5343398160002835,0.0299422174275311
knn,2,46,none,107969,3310156,56798,0.8130376445891989,0.8084955075347122,0.8175783077498439,0.9372950864018524,0.8125763214913423,81.75570678710938,3.651503086090088,0.9318523648246535,0.85551900624344,0.010184519996983,133.85841680900194,0.7242088404135708
svm,2,46,none,107969,3310156,56798,0.7210524037785256,0.715732999653379,0.7266727678812616,0.8696019130679421,0.7199826729363531,133.4383544921875,6.049015522003174,0.7602226863023037,0.85551900624344,33.489350416999514,0.4746867209978518,0.002568178587261282
cnn,2,46,none,107969,3310156,56798,0.904552192778385,0.902745135909191,0.9062208403305964,0.9870207862189857,0.9165038231843786,70.0033950805664,3.6445376873016357,0.9162708159754158,0.85551900624344,745.8750480400013,2.2277045609989727,0.012052460916276079
logreg,4,46,none,107969,3310156,56798,0.795421837973533,0.7908055731034149,0.8000266958688039,0.9199768440871269,0.7947230819583188,119.88998413085938,6.463630199432373,0.7226321997035178,0.85551900624344,105.49975212999925,0.511440621001384,0.002767026742922752
rf,4,46,none,107969,3310156,56798,0.8761591482086629,0.8730482419515424,0.8794838809941148,0.9609703842366664,0.8837761573306004,72.8030776977539,3.4786670207977295,0.9332644426891157,0.85551900624344,20.77728896100234,6.782994501001667,0.03669776394495421
knn,4,46,none,107969,3310156,56798,0.8099105142993173,0.8053142609850944,0.8146101715972428,0.9375439583626389,0.8089975672636314,81.21912384033203,3.6296324729919434,0.9321499291255938,0.85551900624344,0.017175658998894505,206.10378998800297,1.1150750943441303
svm,4,46,none,107969,3310156,56798,0.7889241156930002,0.7843627855511097,0.7934914038353107,0.9147992252507655,0.78650710818484,136.145263671875,5.874131679534912,0.765681638659554,0.85551900624344,288.29583924399776,0.6307634240001789,0.0034125941331150057
cnn,4,46,none,107969,3310156,56798,0.904611705638573,0.9028972728740154,0.9062478382552993,0.9872155555796012,0.9166489973301823,69.83296203613281,3.5941410064697266,0.9150589177315862,0.85551900624344,755.2614681569976,2.2639231630018912,0.012248412970567597
logreg,7,46,none,107969,3310156,56798,0.8332990683532251,0.8292368358530193,0.8376076632393747,0.9406061655323155,0.8367690927111141,117.1215591430664,6.325149059295654,0.7253806117922027,0.85551900624344,120.06951647499955,0.6306768029971863,0.0034121254909658737
rf,7,46,none,107969,3310156,56798,0.877062661631518,0.8740793701980011,0.8802117853447287,0.9612463074975384,0.8850834164938466,72.88449096679688,3.4751365184783936,0.9332698529491328,0.85551900624344,29.580034852999233,7.751311823998549,0.04193661244142608
knn,7,46,none,107969,3310156,56798,0.8112684895636084,0.8064599739439274,0.8159310853735066,0.9357585725569971,0.8107923724196633,82.04769134521484,3.6530404090881348,0.9317928519644654,0.85551900624344,0.0243462600010389,288.9019135490016,1.5630344717368105
svm,7,46,none,107969,3310156,56798,0.8295497581613772,0.82560232187935,0.8337154440050861,0.9415583712953245,0.8337496077544114,132.0634307861328,5.6172308921813965,0.812539900667626,0.85551900624344,978.4854173540007,0.7788490589991852,0.004213775923256464
cnn,7,46,none,107969,3310156,56798,0.9036324485754785,0.9019456778643572,0.9053445869693258,0.9869991451789173,0.9157619373076753,70.46576690673828,3.707155704498291,0.9040219872967095,0.85551900624344,755.4999119509994,2.2860510280006565,0.012368130473834124
